[
  {
    "id": "UK_NI_01",
    "name": "People 1st Belfast",
    "region": "Northern Ireland",
    "city": "Belfast",
    "address": "Ormeau House, Suite 1, 91-97 Ormeau Road, Belfast, Northern Ireland, BT7 1SH",
    "lat": null,
    "lng": null
  },
  {
    "id": "UK_SCT_01",
    "name": "PSI at Aberdeen College",
    "region": "Scotland",
    "city": "Aberdeen",
    "address": "North East Scotland College, Ground Floor, Gallowgate, Aberdeen, Scotland, AB25 1BN",
    "lat": null,
    "lng": null
  },
  {
    "id": "UK_MID_01",
    "name": "PSI Birmingham",
    "region": "Midlands",
    "city": "Birmingham",
    "address": "Gateway House, 3rd Floor, 50-53 High Street, Birmingham, B4 7SY",
    "lat": null,
    "lng": null
  },
  {
    "id": "UK_NW_01",
    "name": "Community Training Portal Blackburn (Kings Court)",
    "region": "North West",
    "city": "Blackburn",
    "address": "Kings Court, 33 King Street, Suite 14/15, 2nd Floor, Blackburn, Lancashire, BB2 2DH",
    "lat": null,
    "lng": null
  },
  {
    "id": "UK_SW_01",
    "name": "PSI Bristol",
    "region": "South West",
    "city": "Bristol",
    "address": "Creswicke House, Ground Floor, 9-11 Small Street, Bristol, BS1 1DB",
    "lat": null,
    "lng": null
  },
  {
    "id": "UK_SE_01",
    "name": "MTS at VP Brighton",
    "region": "South East",
    "city": "Brighton",
    "address": "Vantage Point, 7th Floor, New Rd, Brighton, BN1 4GW",
    "lat": null,
    "lng": null
  },
  {
    "id": "UK_WAL_01",
    "name": "PSI Cardiff at Bizspace Trafalgar House",
    "region": "Wales",
    "city": "Cardiff",
    "address": "5 Fitzalan Place, 5th Floor, Cardiff, Wales, CF24 0ED",
    "lat": null,
    "lng": null
  },
  {
    "id": "UK_MID_02",
    "name": "PSI Coventry",
    "region": "Midlands",
    "city": "Coventry",
    "address": "101 Lockhurst Lane, 3rd Floor, Coventry, CV6 5SF",
    "lat": null,
    "lng": null
  },
  {
    "id": "UK_SE_02",
    "name": "PSI Oxford",
    "region": "South East",
    "city": "Oxford",
    "address": "Unit A, Watlington House, Watlington Road, Oxford, OX4 6NF",
    "lat": null,
    "lng": null
  },
  {
    "id": "UK_SW_02",
    "name": "PSI Exeter",
    "region": "South West",
    "city": "Exeter",
    "address": "Brittany House, 2nd Floor, New North Road, Exeter, EX4 4EP",
    "lat": null,
    "lng": null
  },
  {
    "id": "UK_SCT_02",
    "name": "MTS Edinburgh",
    "region": "Scotland",
    "city": "Edinburgh",
    "address": "40 Sciennes, Newington, Ground Floor, Edinburgh, Scotland, EH9 1NJ",
    "lat": null,
    "lng": null
  },
  {
    "id": "UK_LON_01",
    "name": "PSI Croydon",
    "region": "London",
    "city": "Croydon",
    "address": "Grosvenor House, 8th Floor, 125 High Street, Croydon, London, CR0 9XP",
    "lat": null,
    "lng": null
  },
  {
    "id": "UK_SCT_03",
    "name": "PSI Glasgow",
    "region": "Scotland",
    "city": "Glasgow",
    "address": "Adelphi Centre, 1st Floor, 12 Commercial Road, Glasgow, Scotland, G5 0PQ",
    "lat": null,
    "lng": null
  },
  {
    "id": "UK_LON_02",
    "name": "Computer Learning Centre",
    "region": "London",
    "city": "Hounslow",
    "address": "65 Kingsley Road, Hounslow, Middlesex, London, TW3 1QB",
    "lat": null,
    "lng": null
  },
  {
    "id": "UK_LON_03",
    "name": "PSI Ilford",
    "region": "London",
    "city": "Ilford",
    "address": "2 Caxton Place, 2nd Floor, London, Ilford, IG1 2AH",
    "lat": null,
    "lng": null
  },
  {
    "id": "UK_YH_01",
    "name": "PSI Leeds",
    "region": "Yorkshire and the Humber",
    "city": "Leeds",
    "address": "Oxford House, Part 4th Floor, Oxford Row, Leeds, LS1 3BE",
    "lat": null,
    "lng": null
  },
  {
    "id": "UK_EE_01",
    "name": "PSI at Online Exams Peterborough",
    "region": "East of England",
    "city": "Peterborough",
    "address": "Sefton House, Adam Court, Newark Road, Peterborough, PE1 5PP",
    "lat": null,
    "lng": null
  },
  {
    "id": "UK_MID_03",
    "name": "PSI Leicester",
    "region": "Midlands",
    "city": "Leicester",
    "address": "60 Charles Street, 5th Floor, Leicester, LE1 1FB",
    "lat": null,
    "lng": null
  },
  {
    "id": "UK_NW_02",
    "name": "PSI at CPTT Workington",
    "region": "North West",
    "city": "Workington",
    "address": "High Street, Workington, CA14 4ES",
    "lat": null,
    "lng": null
  },
  {
    "id": "UK_EE_02",
    "name": "CTP Watford",
    "region": "East of England",
    "city": "Watford",
    "address": "45-47 Vicarage Road, Watford, WD18 0DE",
    "lat": null,
    "lng": null
  },
  {
    "id": "UK_NW_03",
    "name": "Preston Test Centre",
    "region": "North West",
    "city": "Preston",
    "address": "38-40 Ormskirk Road, Preston, PR1 2QP",
    "lat": null,
    "lng": null
  },
  {
    "id": "UK_LON_04",
    "name": "PSI Stratford",
    "region": "London",
    "city": "Stratford",
    "address": "Boardman House, 2nd Floor, 64 Broadway, Stratford, London, E15 1NT",
    "lat": null,
    "lng": null
  },
  {
    "id": "UK_YH_02",
    "name": "PSI at Bank Street Sheffield",
    "region": "Yorkshire and the Humber",
    "city": "Sheffield",
    "address": "The Synergy Building, Bank Street Entrance, Bank Street, Hartshead, Sheffield, S1 2EL",
    "lat": null,
    "lng": null
  },
  {
    "id": "UK_LON_05",
    "name": "Iranian Association",
    "region": "London",
    "city": "London",
    "address": "222 King Street, London, W6 0RA",
    "lat": null,
    "lng": null
  },
  {
    "id": "UK_WAL_02",
    "name": "PSI at Computeraid Swansea",
    "region": "Wales",
    "city": "Swansea",
    "address": "11 – 12 Wind Street, 4th Floor, Swansea, Wales, SA1 1DP",
    "lat": null,
    "lng": null
  },
  {
    "id": "UK_SE_03",
    "name": "PSI Reading",
    "region": "South East",
    "city": "Reading",
    "address": "Highline, 6th Floor, 30 Greyfriars Road, Reading, RG1 1PE",
    "lat": null,
    "lng": null
  },
  {
    "id": "UK_NW_04",
    "name": "PSI Liverpool",
    "region": "North West",
    "city": "Liverpool",
    "address": "1 Union Court, 4th Floor, Cook St, Liverpool, L2 4SJ",
    "lat": null,
    "lng": null
  },
  {
    "id": "UK_SW_03",
    "name": "PSI Plymouth",
    "region": "South West",
    "city": "Plymouth",
    "address": "Cobourg House, 3rd Floor, 32 Mayflower Street, Plymouth, PL1 1QX",
    "lat": null,
    "lng": null
  },
  {
    "id": "UK_NW_05",
    "name": "PSI Manchester",
    "region": "North West",
    "city": "Manchester",
    "address": "Boulton House, 6th Floor, 17-21 Chorlton Street, Manchester, M1 3HY",
    "lat": null,
    "lng": null
  },
  {
    "id": "UK_NE_01",
    "name": "PSI Newcastle",
    "region": "North East",
    "city": "Newcastle",
    "address": "Arden House, 4th Floor, Regent Centre, Gosforth, Newcastle, NE3 3LU",
    "lat": null,
    "lng": null
  },
  {
    "id": "UK_SE_04",
    "name": "MTS at Gloucester House",
    "region": "South East",
    "city": "Milton Keynes",
    "address": "Gloucester House, MTS Ground Floor, 399 Silbury Boulevard, Milton Keynes, MK9 2AH",
    "lat": null,
    "lng": null
  },
  {
    "id": "UK_SE_05",
    "name": "Synod Solutions Ltd",
    "region": "South East",
    "city": "Maidstone",
    "address": "114 Kestrel House, First Floor, Knightrider Street, Maidstone, Kent, ME15 6LU",
    "lat": null,
    "lng": null
  },
  {
    "id": "UK_EE_03",
    "name": "Community Training Portal Luton",
    "region": "East of England",
    "city": "Luton",
    "address": "378 Leagrave Rd, Luton, LU3 1RG",
    "lat": null,
    "lng": null
  },
  {
    "id": "UK_LON_06",
    "name": "PDA (Training) Ltd Lewisham",
    "region": "London",
    "city": "Lewisham",
    "address": "107 – 109 Lewisham High Street, Lewisham, Greater London, SE13 6AT",
    "lat": null,
    "lng": null
  },
  {
    "id": "UK_EE_04",
    "name": "PSI at Sackville Place Norwich",
    "region": "East of England",
    "city": "Norwich",
    "address": "Sackville Place, Ground Floor, Room 23-24, 44-48 Magdalen Street, Norwich, NR3 1JU",
    "lat": null,
    "lng": null
  },
  {
    "id": "UK_SE_06",
    "name": "PSI Portsmouth",
    "region": "South East",
    "city": "Portsmouth",
    "address": "102 Clarendon Road, Portsmouth, Southsea, PO4 0SY",
    "lat": null,
    "lng": null
  },
  {
    "id": "UK_EE_05",
    "name": "PSI at The Hub Business Centre Ipswich",
    "region": "East of England",
    "city": "Ipswich",
    "address": "2 Civic Drive, Room 16a, 2nd floor, Ipswich, IP1 2QA",
    "lat": null,
    "lng": null
  },
  {
    "id": "UK_MID_04",
    "name": "CTP Nottingham",
    "region": "Midlands",
    "city": "Nottingham",
    "address": "6 Sherwood Rise, Nottingham, NG7 6JF",
    "lat": null,
    "lng": null
  },
  {
    "id": "UK_LON_07",
    "name": "The Learning Line",
    "region": "London",
    "city": "East Ham",
    "address": "182 High Street North, East Ham, London",
    "lat": null,
    "lng": null
  },
  {
    "id": "UK_LON_08",
    "name": "Southgate College",
    "region": "London",
    "city": "Southgate",
    "address": "High Street, Southgate, London",
    "lat": null,
    "lng": null
  },
  {
    "id": "UK_LON_09",
    "name": "Intech Centre",
    "region": "London",
    "city": "Islington",
    "address": "362 Essex Road, Islington, London",
    "lat": null,
    "lng": null
  },
  {
    "id": "UK_LON_10",
    "name": "Next Education Limited",
    "region": "London",
    "city": "Tooting",
    "address": "26a Upper Tooting Road, Tooting, London",
    "lat": null,
    "lng": null
  },
  {
    "id": "UK_LON_11",
    "name": "Exchange Group Wimbledon",
    "region": "London",
    "city": "Wimbledon",
    "address": "c/o Wimbledon Library, 35 Wimbledon Hill Road, London",
    "lat": null,
    "lng": null
  },
  {
    "id": "UK_LON_12",
    "name": "Exchange Group Hendon",
    "region": "London",
    "city": "Hendon",
    "address": "c/o Hendon Library, The Burroughs, Hendon, London",
    "lat": null,
    "lng": null
  },
  {
    "id": "UK_LON_13",
    "name": "e-skills Centre Greenwich",
    "region": "London",
    "city": "Greenwich",
    "address": "Greenwich Community College, 95 Plumstead Rd, London",
    "lat": null,
    "lng": null
  },
  {
    "id": "UK_LON_14",
    "name": "Exchange Group Brixton",
    "region": "London",
    "city": "Brixton",
    "address": "Brixton Library, Brixton Hill Parade, London",
    "lat": null,
    "lng": null
  },
  {
    "id": "UK_LON_15",
    "name": "Akshar IT Centre",
    "region": "London",
    "city": "Brent",
    "address": "54-62 Meadow Garth, Brent, London",
    "lat": null,
    "lng": null
  },
  {
    "id": "UK_LON_16",
    "name": "Anglo-British Academy Forest Gate",
    "region": "London",
    "city": "Forest Gate",
    "address": "Anglo-British Academy, Berkeley Business centre, City Gate House, 246-250 Romford Road, Forest Gate, London",
    "lat": null,
    "lng": null
  },
  {
    "id": "UK_SW_04",
    "name": "Easton Learning Centre",
    "region": "South West",
    "city": "Bristol",
    "address": "282 Stapleton Road, Easton, Bristol",
    "lat": null,
    "lng": null
  },
  {
    "id": "UK_SW_05",
    "name": "Equip at Exeter Central Library",
    "region": "South West",
    "city": "Exeter",
    "address": "Exeter Central Library, Castle Street, Exeter",
    "lat": null,
    "lng": null
  },
  {
    "id": "UK_SW_06",
    "name": "Equip Plymouth",
    "region": "South West",
    "city": "Plymouth",
    "address": "The Business Centre, 2 Cattedown Road, Cattledown, Plymouth",
    "lat": null,
    "lng": null
  },
  {
    "id": "UK_SW_07",
    "name": "Best Training",
    "region": "South West",
    "city": "Poole",
    "address": "Stone Maiden Ltd. Best Training, Unit A Mitre Court, 16 Commercial Road, Poole",
    "lat": null,
    "lng": null
  },
  {
    "id": "UK_SW_08",
    "name": "Pitman Training Swindon",
    "region": "South West",
    "city": "Swindon",
    "address": "Cheltenham House, 45 Regent Street, Swindon",
    "lat": null,
    "lng": null
  },
  {
    "id": "UK_WAL_03",
    "name": "Ecom Learning Solutions Ltd",
    "region": "Wales",
    "city": "Cardiff",
    "address": "Unit 4, Regents Court, Nettleford Road, Cardiff",
    "lat": null,
    "lng": null
  },
  {
    "id": "UK_WAL_04",
    "name": "Coleg Glan Hafren",
    "region": "Wales",
    "city": "Cardiff",
    "address": "35 The Parade, Cardiff",
    "lat": null,
    "lng": null
  },
  {
    "id": "UK_MID_05",
    "name": "Yorkshire Business School-Bradford",
    "region": "Midlands",
    "city": "Bradford",
    "address": "43 North Parade, BRADFORD, BD1 3JH",
    "lat": null,
    "lng": null
  },
  {
    "id": "UK_MID_06",
    "name": "Skills for Enterprise learn direct centre",
    "region": "Midlands",
    "city": "Leicester",
    "address": "2-4 Colton Street, LEICESTER, LE1 1QA",
    "lat": null,
    "lng": null
  },
  {
    "id": "UK_MID_07",
    "name": "Northampton College Lower Mounts",
    "region": "Midlands",
    "city": "Northampton",
    "address": "Lower Mounts, NORTHAMPTON, NN1 3DE",
    "lat": null,
    "lng": null
  },
  {
    "id": "UK_MID_08",
    "name": "Exchange Group Wolverhampton",
    "region": "Midlands",
    "city": "Wolverhampton",
    "address": "c/o Wolverhampton, Central Library, Garrick Street, WOLVERHAMPTON, WV1 3AX",
    "lat": null,
    "lng": null
  },
  {
    "id": "UK_MID_09",
    "name": "East Birmingham Community Forum Ltd",
    "region": "Midlands",
    "city": "Birmingham",
    "address": "The Jet Shop, 73 Alum Rock Road, Saltley, BIRMINGHAM, B8 1LY",
    "lat": null,
    "lng": null
  },
  {
    "id": "UK_MID_10",
    "name": "Care Training East Midlands Ltd",
    "region": "Midlands",
    "city": "Nottingham",
    "address": "Clinton House, Clinton Terrace, Derby Road, NOTTINGHAM, NG71LY",
    "lat": null,
    "lng": null
  },
  {
    "id": "UK_MID_11",
    "name": "Business Advice Direct Lincoln",
    "region": "Midlands",
    "city": "Lincoln",
    "address": "Unit 15 Oak House, Waterside South, LINCOLN, LN5 7FB",
    "lat": null,
    "lng": null
  },
  {
    "id": "UK_MID_12",
    "name": "Business Advice Direct Derby",
    "region": "Midlands",
    "city": "Derby",
    "address": "First Floor, St Peters House, Gower Street, DERBY, DE1 1SB",
    "lat": null,
    "lng": null
  },
  {
    "id": "UK_MID_13",
    "name": "Birmingham Metropolitan College",
    "region": "Midlands",
    "city": "Birmingham",
    "address": "Magnolia House, Conybere Street, Highgate, BIRMINGHAM, B12 0YL",
    "lat": null,
    "lng": null
  },
  {
    "id": "UK_NW_06",
    "name": "VRDS",
    "region": "North West",
    "city": "Northwich",
    "address": "4 Hartford Business Centre, Chester Road, Hartford, NORTHWICH, CW8 2AB",
    "lat": null,
    "lng": null
  },
  {
    "id": "UK_NW_07",
    "name": "System Group",
    "region": "North West",
    "city": "Carlisle",
    "address": "English Gate Plaza, Botchergate, CARLISLE, CA1 1RP",
    "lat": null,
    "lng": null
  },
  {
    "id": "UK_NW_08",
    "name": "MBW Preston",
    "region": "North West",
    "city": "Preston",
    "address": "Fourth Floor, 61 Guildhall House, Guildhall Street, PRESTON, PR1 3NU",
    "lat": null,
    "lng": null
  },
  {
    "id": "UK_NW_09",
    "name": "Business Advice Direct Manchester",
    "region": "North West",
    "city": "Manchester",
    "address": "Fourways House, 57 Hilton Street, MANCHESTER, M1 2EJ",
    "lat": null,
    "lng": null
  },
  {
    "id": "UK_SCT_04",
    "name": "Pitman Training Centre",
    "region": "Scotland",
    "city": "Edinburgh",
    "address": "26 York Place, EDINBURGH, EH1 3EP",
    "lat": null,
    "lng": null
  },
  {
    "id": "UK_SCT_05",
    "name": "Merkinch Enterprise",
    "region": "Scotland",
    "city": "Inverness",
    "address": "14 Grant Street, INVERNESS, IV3 8BL",
    "lat": null,
    "lng": null
  },
  {
    "id": "UK_SCT_06",
    "name": "Lifeskills Centre",
    "region": "Scotland",
    "city": "Aberdeen",
    "address": "Custom House, 26 to 32 Guild Street, ABERDEEN, AB11 6GY",
    "lat": null,
    "lng": null
  },
  {
    "id": "UK_SCT_07",
    "name": "Adelphi Flexible Learning Unit",
    "region": "Scotland",
    "city": "Glasgow",
    "address": "12 Commercial Road, GLASGOW, G5 0PQ",
    "lat": null,
    "lng": null
  },
  {
    "id": "UK_NI_02",
    "name": "STEP",
    "region": "Northern Ireland",
    "city": "Dungannon",
    "address": "2 Coalisland Rd, DUNGANNON, BT71 6JT",
    "lat": null,
    "lng": null
  }
]